Raw Company	Cleaned Company
Flowers Foods	Flowers Foods
Synovus Financial	Synovus
Coca-Cola Enterprises	Coca-Cola
Cox	Cox
Floor & Decor	Floor & Decor
SGMC Health	Sgmc
Acuity Brands	Acuity
United Healthcare	United Healthcare
HD Supply	HD Supply
WestRock	WestRock
InterContinental Hotels Group	InterContinental
CARE	Care
Pratt Industries	Pratt
Genpact	Genpact
TSYS	Tsys
Crawford & Associates	Crawford & Associates
Delta Air Lines	Delta Air
Mansfield Energy	Mansfield
White Cap	White Cap
Global Payments	Global Payments
SiteOne Landscape Supply	SiteOne Landscape
Corpay	Corpay
The Coca-Cola Company	Coca-Cola
Inspire Brands	Inspire
Aflac	Aflac
Railserve	Railserve
CRH	Crh
Home Depot	Home Depot
Theragenics	Theragenics
Solvay	Solvay
United Musculoskeletal Partners	United Musculoskeletal
Carter's	Carter's
Shaw Industries Group	Shaw
Cumulus Media	Cumulus
OlÃ© Mexican Foods	Olé
InComm Payments	InComm Payments
North Highland	North Highland
Primerica	Primerica
Oldcastle Infrastructure	Oldcastle
Beazer Homes	Beazer
Northside Hospital	Northside Hospital
University Health	University Health
Genuine Parts Company	Genuine Parts
WellStar Health System	WellStar
Enercon	Enercon
Mohawk Industries	Mohawk
AkzoNobel	AkzoNobel
Graphic Packaging International	Graphic Packaging
Cox Enterprises	Cox
Heidelberg	Heidelberg
Southwire	Southwire
Piedmont Healthcare	Piedmont
Manheim	Manheim
Capstone Logistics	Capstone Logistics
BBDO Worldwide	Bbdo
McLarens	McLarens
RaceTrac	RaceTrac
Randstad	Randstad
CKS Packaging	Cks
Cox Automotive	Cox
Sharecare	Sharecare
Fisher Phillips	Fisher Phillips
Ted's Montana Grill	Ted's Montana Grill
Oxford	Oxford
PowerPlan	PowerPlan
Ebix	Ebix
Atlanta Cancer Care	Atlanta Cancer Care
Northeast Georgia Health System	Northeast Georgia Health
Citi Trends	Citi Trends
Cox Media Group	Cox
Technicolor Group	Technicolor
Tosca	Tosca
S. P. Richards	S. P. Richards
Havertys Furniture	Havertys
Southeast Georgia Health System	Southeast Georgia Health
Artivion	Artivion
Cobb EMC	Cobb
SNF U.S.A.	SNF
Magna International	Magna
Trackmobile	Trackmobile
SAIA	SAIA
Herschend Family Entertainment	Herschend
Wendy's	Wendy's
Roper Pump	Roper Pump
QUIKRETE	Quikrete
Harbin Clinic	Harbin Clinic
Alston & Bird	Alston & Bird
LeasePlan	LeasePlan
CRIF	Crif
EarthLink	EarthLink
Aaron's	Aaron's
Popeyes	Popeyes
HUGO BOSS	Hugo Boss
MiMedx Group	MiMedx
Cooper Lighting Solutions	Cooper Lighting
THYSSENKRUPP	Thyssenkrupp
Waffle House	Waffle House
Shaw Floors	Shaw Floors
Southern Adventist University	Southern Adventist University
The Longstreet Clinic	Longstreet Clinic
Altium Packaging	Altium
Rinnai	Rinnai
Gwinnett Clinic	Gwinnett Clinic
Thales	Thales
Walgreens Boots Alliance	Walgreens
Vestas Wind Systems A/S	Vestas
BASF	Basf
HSBC Innovation Banking	HSBC
Hugo Boss AG	Hugo Boss
Pirelli & C. S.p.A.	Pirelli
Warner Music Group Corp.	Warner Music
Novo Nordisk	Novo Nordisk
Siemens Healthineers AG	Siemens Healthineers
Pandora	Pandora
Mondelez International	Mondelez
Expedia Group Inc.	Expedia
Voestalpine AG	Voestalpine
The Walt Disney Company	Walt Disney
British Airways	British Airways
OMV Group	OMV
Miele	Miele
SUPERPROD	Superprod
Leonardo SpA	Leonardo
Rabobank	Rabobank
Diageo	Diageo
Warner Bros. Discovery	Warner Bros
Fresenius Medical Care AG & Co. KGaA	Fresenius Medical
Rolls-Royce Holdings plc	Rolls-Royce
Siemens	Siemens
Metro AG	Metro AG
GSK	GSK
Air FranceKLM Group	Air France
Fresenius SE & Co. KGaA	Fresenius
Equinor ASA	Equinor
BBVA	BBVA
BP P.l.c.	BP
DAZN Group	DAZN
Barclays	Barclays
Boehringer Ingelheim	Boehringer Ingelheim
Piaggio & C. Spa	Piaggio
Coty Inc.	Coty
H&M Group	H&M
Novartis AG	Novartis
NatWest Group plc	NatWest
Sanofi SA	Sanofi
Universal Music Group NV	Universal Music
Adidas	Adidas
Tetra Pak	Tetra Pak
Michael Kors	Michael Kors
NH Hotel Group S.A.	NH Hotel Group
Stellantis	Stellantis
BMW Group	BMW
TotalEnergies SE	TotalEnergies
Merlin Entertainments	Merlin Entertainments
Beiersdorf AG	Beiersdorf
Kimberly-Clark Corporation	Kimberly-Clark
RTL Group S.A.	RTL
Electrolux Group	Electrolux
Neste	Neste
Olympus Corporation	Olympus
Sony Music Entertainment India	Sony Music
Scopely	Scopely
Parker Meggitt	Parker Meggitt
Airbus	Airbus
Spotify AB	Spotify
Louis Vuitton	Louis Vuitton
Exxon Mobil Corporation	Exxon
MSC Cruises	MSC Cruises
Pearson PLC	Pearson
Colgate-Palmolive Company	Colgate-Palmolive
HelloFresh	HelloFresh
Accor	Accor
Bayer AG	Bayer
Danone	Danone
Smith & Nephew PLC	Smith & Nephew
Bolt	Bolt
AstraZeneca	AstraZeneca
Playtika Holding Corp.	Playtika
Safran	Safran
Belmond	Belmond
Booking.com	Booking.com
Swarovski Group	Swarovski
LVMH	LVMH
Live Nation Entertainment	Live Nation
HSBC	HSBC
Cartier	Cartier
Deutsche Bahn	Deutsche Bahn
ProSiebenSat.1 Media SE	ProSiebenSat.1
Fullsoon	Fullsoon
Media Impact GmbH & Co. KG	Media Impact
E.ON	E.ON
Pfizer Inc.	Pfizer
AB Inventech A/S	AB Inventech
Groupe SEB	SEB
Michelin	Michelin
Club Med	Club Med
Qiagen N.V	Qiagen
BASF Digital Solutions	BASF
Fraport AG	Fraport
Knauf	Knauf
Banco Santander	Santander
Swissport	Swissport
BASF Agricultural Solutions	BASF
Zalando SE	Zalando
CHANEL	CHANEL
Burberry	Burberry
Daimler Truck Holding AG	Daimler Truck
Volkswagen Group	Volkswagen
Hyatt Hotels Corporation	Hyatt Hotels
MOL Group	MOL
Ada Health	Ada
Shell	Shell
BBC News	BBC
Salomon	Salomon
UniCredit SpA	UniCredit
Thyssenkrupp AG	Thyssenkrupp
Roche	Roche
Ahold Delhaize	Ahold Delhaize
Pernod Ricard	Pernod Ricard
Bang & Olufsen	Bang & Olufsen
Jet Aviation	Jet Aviation
Pirelli Benelux	Pirelli
Arla Foods	Arla
BSH Home Appliances Group	BSH
Philip Morris International Inc.	PMI
Hachette Livre	Hachette Livre
Unilever	Unilever
Axel Springer	Axel Springer
EssilorLuxottica	EssilorLuxottica
IKEA	IKEA
BNP Paribas S.A.	BNP Paribas
GE Healthcare	GE Healthcare
Revolut	Revolut
Pininfarina S.p.A	Pininfarina
Iberostar Group	Iberostar
Draftkings Inc	Draftkings
BASF PETRONAS Chemicals Sdn. Bhd.	Basf Petronas
Philips	Philips
Medicen Paris Region	Medicen
CNH Industrial	CNH
BlaBlaCar	BlaBlaCar
Fremantle	Fremantle
Eni	Eni
Nothing	Nothing
CaixaBank	CaixaBank
Take-Two Interactive Software Inc.	Take-Two
Mistral AI	Mistral AI
RIU Hotels & Resorts	RIU
Fever	Fever
MGM	MGM
Deliveroo	Deliveroo
Groupon	Groupon
Medtronic	Medtronic
FanDuel	FanDuel
LyondellBasell Industries	LyondellBasell
RIMOWA	RIMOWA
Gucci	Gucci
Galeries Lafayette Group	Galeries Lafayette
FlixBus	FlixBus
The TJX Companies Inc.	TJX Companies
Air France	Air France
Disneyland Paris	Disneyland
V-ZUG Holding AG	V-ZUG 
Flutter Entertainment Plc	Flutter
FDJ - La FranÃ§aise Des Jeux	FDJ
Essity	Essity
UBS	UBS
Specsavers Optical Group Ltd.	Specsavers
DECATHLON FRANCE	Decathlon
CARLSBERG SUPPLY COMPANY UK LIMITED	Carlsberg
Trainline plc	Trainline
Oatly Group AB	Oatly
Zurich Insurance Group	Zurich
CNP Assurances	CNP
Rolls-Royce Power Systems AG	Rolls-Royce
DFDS	DFDS
CEPSA	CEPSA
McKesson Corporation	McKesson
Brava Labs	Brava Labs
Deutsche Lufthansa AG	Lufthansa
Carnival UK	Carnival
Lufthansa	Lufthansa
Legal & General	Legal & General
Mapfre S.A.	Mapfre
OASE	OASE
Holcim Ltd.	Holcim
German UDS	UDS
AutoScout24	AutoScout24
Munich Re	Munich Re
Odin Vision	Odin Vision
Hyundai Engineering & Construction Co. Ltd.	Hyundai
Shell Chemicals Europe B.V.	Shell
Safran Electronics & Defense Canada Inc.	Safran
RELX	RELX
Castrol	Castrol
PreussenElektra	PreussenElektra
Samsung SDS	Samsung
HIVE TECHNOLOGY LIMITED	Hive
Lloyds Banking Group	Lloyds
Groupe Atlantic	Groupe Atlantic
Haleon	Haleon
Renault Group	Renault
Morrisons	Morrisons
SoundCloud	SoundCloud
AMC Networks Inc.	AMC
Ferrero	Ferrero
Soho House & Co Inc	Soho House
Fortnum & Mason	Fortnum & Mason
Inditex	Inditex
Moncler S.p.A.	Moncler
Vodafone Group Plc	Vodafone
GXO Logistics Inc.	GXO
Deutsche Telekom AG	Deutsche Telekom
DHL International	DHL
ENGIE	ENGIE
Volvo Group	Volvo
SKF Group	SKF
Bosch	Bosch
Danfoss	Danfoss
Danske Bank	Danske Bank
JPMorgan Chase & Co.	JPMorgan Chase
Coca-Cola Europacific Partners	Coca-Cola
Microsoft Corporation	Microsoft
Bank Of New York Mellon	BNY
Publicis Groupe	Publicis
Banque Cantonale Vaudoise	Banque Cantonale Vaudoise
Syensqo	Syensqo
DNB	DNB
Solventum	Solventum
Bank Of America Corporation	Bank Of America
ZF Group	ZF
Evonik Industries AG	Evonik
Continental	Continental
Infineon Technologies	Infineon
Northern Trust Corporation	Northern Trust
Jefferies Financial Group Inc.	Jefferies
The Kraft Heinz Company	Kraft Heinz
Wacker Chemie AG	Wacker Chemie
Telenor ASA	Telenor
Rheinmetall AG	Rheinmetall 
CBRE Group Inc.	CBRE
Adecco Group AG	Adecco
Air Liquide	Air Liquide
Covestro AG	Covestro
Nordea Bank Abp	Nordea Bank
PVH Corp.	PVH
Brenntag SE	Brenntag SE
Hapag-Lloyd AG	Hapag-Lloyd
Wells Fargo & Company	Wells Fargo
Asda	Asda
NXP Semiconductors	NXP
Vattenfall	Vattenfall
Signify NV	Signify NV
Lear Corporation	Lear
Aegon Ltd.	Aegon
Eurofins Scientific SE	Eurofins
Aon	Aon
American Express Company	American Express
IQVIA Inc.	IQVIA
CLAAS	CLAAS
Schaeffler AG	Schaeffler AG
Heraeus	Heraeus
Global Payments Inc.	Global Payments
PepsiCo Inc.	PepsiCo
National Grid plc	National Grid
Kuehne+Nagel	Kuehne+Nagel
Uniper SE	Uniper
Arkema	Arkema
Owens Corning	Owens Corning
ABB	ABB
Ã˜rsted	Orsted
State Street	State Street
Boston Scientific Corp	Boston Scientific
Aurubis AG	Aurubis
Statkraft	Statkraft
ANDRITZ	ANDRITZ
DSV - Global Transport And Logistics	DSV
Bosch Digital	Bosch
TD SYNNEX UK&I	TD SYNNEX
DXC Technology Company	DXC
Heraeus Electronics	Heraeus Electronics
Randstad N.V.	Randstad
Capgemini	Capgemini
Helsing	Helsing
Kellanova	Kellanova
SAP	SAP
Nokia	Nokia
Avis Budget Group Inc	Avis
DSM-Firmenich AG	DSM
Micron Technology Inc.	Micron
Procter & Gamble Company	Procter & Gamble
Deutsche Bank AG	Deutsche Bank
Fresenius Kabi	Fresenius Kabi
Swisscom	Swisscom
Swiss Re	Swiss
Baker Hughes Company	Baker Hughes
Orange	Orange
Borealis	Borealis
EDF	EDF
ICON PLC	Icon
Xylem Inc	Xylem
Nexans SA	Nexans
DZ BANK AG	DZ Bank
Assa Abloy	Assa Abloy
Avolta AG	Avolta
Umicore	Umicore
VISTRA	Vistra
Delivery Hero SE	Delivery Hero
Kering	Kering
Generali	Generali
Cisco	Cisco
GE Vernova	GE Vernova
Aperam SA	Aperam
Morgan Stanley	Morgan Stanley
Julius Baer Group Ltd.	Julius Baer
Société Générale	Société Générale
AXA Group	AXA
Ewellix	Ewellix
IAG International Airlines Group	IAG
TE Connectivity	TE Connectivity
A2A S.p.A.	A2A
Axpo Group	Axpo
Ericsson	Ericsson
OP Financial Group	OP
BCC Banca Iccrea	BCC
VINCI	VINCI
Mercadona	Mercadona
DCC plc	DCC
Currys plc	Currys
Knorr-Bremse AG	Knorr-Bremse
Saipem S.P.A.	Saipem
Ageas Insurance	Ageas Insurance
M&G plc	M&G
AerCap Holdings	AerCap
RWE AG	RWE
J Sainsbury plc	Sainsbury
Johnson Matthey Plc	Johnson Matthey
Nexi S.p.A.	Nexi
BT Group	BT
EDP	EDP
Mercedes-Benz AG	Mercedes-Benz
Accenture	Accenture
Hermes	Hermes
Kingfisher Plc	Kingfisher
VML	VML
Erste Group Bank AG	Erste
TUI AG	TUI
Atos	Atos
Swedbank	Swedbank
Sia Partners	Sia Partners
Euroclear	Euroclear
Hays	Hays
Visa Inc.	Visa
Akzo Nobel N.V.	Akzo Nobel 
REWE Group	REWE
Atlas Copco	Atlas
SSE Plc	SSE
Poste Italiane	Poste Italiane
Hsbc Trinkaus & Burkhardt Gesellschaft FÃ¼r Bankbeteiligungen MbH	Hsbc
Rio Tinto plc	Rio Tinto
Kyndryl Holdings Inc.	Kyndryl
Severstal	Severstal
HCA Healthcare Inc.	HCA
KLA Corporation	KLA
LUKOIL	LUKOIL
IBM	IBM
Prudential Financial Inc.	Prudential
LBBW	LBBW
Gestamp Automocin S.A.	Gestamp Automocin
MVV Enamic GmbH	MVV Enamic
Carrefour	Carrefour
Salesforce Inc.	Salesforce
Make Now	Make Now
SATS Ltd.	SATS
CrÃ©dit Mutuel	Crédit Mutuel
Oracle Corporation	Oracle
Nebius Group NV	Nebius
PORR Group	PORR
ASD	ASD
Occidental Petroleum Corporation	Oxy
ICA Gruppen	ICA
Airbus Group SAS Airbus Group Innovations	Airbus
CSE SAFRAN SEATS	Safran
General Electric Company	General Electric
Intesa Sanpaolo	Intesa Sanpaolo
NN Group N.V	NN
Imperial Brands PLC	Imperial Brands
Omnicom Group Inc.	Omnicom
F. Hoffmann-La Roche Ltd	Roche
Safran Transmission Systems	Safran
UNIQA PojiÅ¡Å¥ovna A.s.	UNIQA
Belfius	Belfius
Associated British Foods plc	ABF
Fnac Darty SA	Fnac
NORD/LB	NORD/LB
Legrand	Legrand
Richemont	Richemont
Valeo	Valeo
McDonald's Corporation	McDonald's
El Corte Inglés	El Corte Inglés
Netflix Inc.	Netflix
Statathlon	Statathlon
Qualcomm Incorporated	Qualcomm
Merck KGaA	Merck
Ultimate Solutions	Ultimate
Fondation CHANEL	CHANEL
FedEx Corporation	FedEx
3M Company	3M
Thyssenkrupp Polysius	Thyssenkrupp
Veolia Environnement	Veolia
Deutsche Bank S.A.	Deutsche Bank
Perfeos LLC	Perfeos
Liberty Global plc	Liberty Global
Ceconomy AG	Ceconomy
El Farolillo Rojo	El Farolillo Rojo
Coca-Cola HBC AG	Coca-Cola
AppliedAI Initiative GmbH	AppliedAI
ManpowerGroup Inc.	Manpower
Cummins Inc.	Cummins
The Kroger Co.	Kroger
TenneT	TenneT
Swiss Life	Swiss Life
BEW Berliner Energie Und WÃ¤rme GmbH	BEW
Proximus	Proximus
AbbVie Inc.	AbbVie
National Bank Of Belgium	National Bank Of Belgium
Booz Allen Hamilton Holding Corporation	Booz Allen Hamilton
Eviden	Eviden
Magna International Inc.	Magna
Royal London	Royal London
Experian plc	Experian
Concentrix Corp	Concentrix
ServiceNow Inc.	ServiceNow
Technip Energies	Technip Energies
U.S. Bancorp	U.S. Bank
STRABAG	Strabag
Telefónica S.A.	Telefónica
Dassault Systemes	Dassault Systemes
RATP Dev	RATP
Naturgy	Naturgy
BNP Paribas	BNP Paribas
Reinsurance Group Of America	RGA
Raiffeisen Bank International AG	RB International
Tesco	Tesco
HEC Paris	HEC
SEB	SEB
Stora Enso Oyj	Stora Enso
Bank Of Ireland	Bank Of Ireland
SSAB AB	SSAB
Dell Technologies Inc.	Dell
Jerónimo Martins	Jerónimo Martins
Mercedes-Benz LLC	Mercedes-Benz
FrieslandCampina	FrieslandCampina
Allianz	Allianz
BPER Banca S.p.A	BPER
Louis Dreyfus Company	Louis Dreyfus
Leidos	Leidos
Cnp Vita S.p.A.	Cnp Vita
Bupa	Bupa
Centrica plc	Centrica
Bechtle	Bechtle
Prysmian Group	Prysmian Group
Marks And Spencer Group plc	Marks & Spencer
Outokumpu Oyj	Outokumpu
Sandvik AB	Sandvik
Repsol	Repsol
Ferrovie Dello Stato Italiane S.p.A.	Ferrovie Dello Stato Italiane
Chubb	Chubb
BBC	BBC
Cushman & Wakefield	Cushman & Wakefield
Dyson Ltd.	Dyson
Good Energy Group Ltd	Good Energy
Checkout.com	Checkout.com
New Look Retailers Limited	New Look
Mindful Chef | B Corp	Mindful Chef
NAVAL GROUP	Naval
Ubisoft	Ubisoft
Aston Martin Lagonda Limited	Aston Martin
Daniel Wellington	Daniel Wellington
JOE & THE JUICE	Joe & The Juice
Polaroid	Polaroid
Polestar Automotive Holding UK PLC	Polestar
Medvivo By HealthHero	Medvivo
TUC RAIL	TUC
CitizenM Hotels	CitizenM
NestlÃ© Nespresso SA	Nespresso
Hennessy	Hennessy
Octopus Energy	Octopus
Stone Island	Stone Island
Rapyd	Rapyd
Acne Studios	Acne Studios
CUPRA	Cupra
Hollister Incorporated	Hollister
Harvey Nichols	Harvey Nichols
Minor Figures	Minor Figures
River Island Clothing Co	River Island
MoÃ«t & Chandon	Moët & Chandon
Red Bull	Red Bull
Belvedere	Belvedere
Pret A Manger	Pret A Manger
Flix Global Solutions	Flix
Panerai	Panerai
Missguided	Missguided
Mind	Mind
Volvo Cars	Volvo
Lavazza Group	Lavazza
AMAN	AMAN
BEL SA	BEL
Lilium	Lilium
SumUp	SumUp
Eurowings	Eurowings
PULL&BEAR	Pull & Bear
BrewDog	BrewDog
Represent	Represent
Eataly	Eataly
Fairphone	Fairphone
Lush Gmbh Fresh Handmade Cosmetics	Lush
KIKO MILANO	Kiko
Barcelona	Barcelona
The North Face	North Face
BUGATTI	Bugatti
Glovo	Glovo
Aldi UK	Aldi
JACQUEMUS	Jacquemus
New Balance	New Balance
UNIQLO	Uniqlo
Wise PLC	Wise
Espresso House Group	Espresso House
Starling Bank	Starling
British Gas	British Gas
Ofgem	Ofgem
Rituals	Rituals
BALENCIAGA	Balenciaga
Allica Bank	Allica Bank
Honest Burgers Ltd	Honest Burgers
N26	N26
AllSaints	AllSaints
Vertical Aerospace Ltd	Vertical Aerospace
SEPHORA	Sephora
Palm Angels	Palm Angels
GoCardless	GoCardless
Gymshark	Gymshark
Omio	Omio
Heura Foods	Heura
Hotel Chocolat	Hotel Chocolat
Ruinart	Ruinart
Tony's Chocolonely	Tony's Chocolonely
Charlotte Tilbury Beauty	Charlotte Tilbury
Oddbox	Oddbox
Huel	Huel
Axel Arigato	Axel Arigato
TAG Heuer	TAG Heuer
Air Up	Air Up
Too Good To Go	Too Good To Go
Dyson	Dyson
EON	EON
Bel Group	Bel Group
Domino's Pizza LLC	Domino's
FEVER.	Fever
SGHC Ltd	Sghc
HealthHero	HealthHero
VESTAS	Vestas
Lush Retail Ltd	Lush
Piaggio Vehicles Pvt	Piaggio
Ubisoft Inc	Ubisoft
Mindful Chef	Mindful Chef
Flutter Entertainment	Flutter
Supercell	Supercell
Piaggio	Piaggio
Klarna	Klarna
XMCO	XMCO
Meggitt	Meggitt
Vertical Aerospace	Vertical Aerospace
Epic Games Inc	Epic
Leviat	Leviat
Linoza LLC Software Development	Linoza
SailGP	SailGP
Back Market	Back Market
Blue Media Network	Blue Media
S2Bconnected	S2Bconnected
OnlyFans	OnlyFans
Birkenstock	Birkenstock
Fan Duel	Fan Duel
Texas Instruments Incorporated	TI
Howden	Howden
Spotify	Spotify
Dot3 GmbH	Dot3
Farfetch	Farfetch
Realm Runner Studios Ltd	Realm Runner
Take-Two Interactive Software	Take-Two
Playtika	Playtika
OVO Energy	OVO
Starbucks	Starbucks
Dott	Dott
Roblox	Roblox
Depop	Depop
Arqiva	Arqiva
Expedia	Expedia
Light & Wonder	Light & Wonder
Octopus Energy Press	Octopus
Hilton, Inc.	Hilton
bet365	bet366
Banijay	Banijay
Senfit	Senfit
Acne Studios AB	Acne Studios
PurpleSector	PurpleSector
Discord	Discord
Polestar	Polestar
CD PROJEKT RED	CD Projekt red
SNCF	SNCF
Attributes	Attributes
Galbani	Galbani
BNP Paribas Cardif	BNP Paribas
AIB Group plc	AIB
ADEO	ADEO
Getlink SE	Getlink
Johnson & Johnson MedTech | Germany	J&J
The Swatch Group Ltd	Swatch
HSBC Global Asset Management GmbH	HSBC
Santander Consumer Finance Europe	Santander
Transavia	Transavia
Safran Vectronix AG	Safran
Aldi Einkauf Verwaltung SE	Aldi
BNP Paribas REIM	BNP Paribas
Vitol	Vitol
Grupo Planeta	Grupo Planeta
MediaMarktSaturn	MediaMarktSaturn
DB Energie GmbH	DB Energie
Trafigura	Trafigura
Decathlon Deutschland	Decathlon
Volkswagen Of America Inc	Volkswagen
Auchan Retail	Auchan
Allianz Direct	Allianz
Groupe ADP	ADP
Cdiscount	Cdiscount
MediaMarkt	MediaMarkt
Austrian Airlines	Austrian Airlines
Mercuria	Mercuria
BMP Paribas	BMP Paribas
Center Parcs UK & Ireland	Center Parcs
Printemps	Printemps
Castorama	Castorama
Lufthansa Innovation Hub	Lufthansa
Vinted	Vinted
ITV plc	ITV
CaixaBank Payments & Consumer	CaixaBank
La Banque Postale	La Banque Postale
Elkjop Nordic AS	Elkjop
Center Parcs	Center Parcs
LEROY MERLIN Italy	Leroy Merlin
Vitality	Vitality
EDF Trading	EDF
Maisons Du Monde SA	Maisons Du Monde
DECATHLON SWITZERLAND	Decathlon
MAPFRE Insurance Company Inc.	Mapfre
Monoprix	Monoprix
AXA Bank	AXA Bank
AXA	AXA
BMW	BMW
Conforama france	Conforama
Porsche AG	Porsche
Mobile.de	Mobile.de
ALDI Nord	ALDI
Admiral Group Plc	Admiral
CTS Eventim AG & Co. KGaA	CTS Eventim
Harbour Energy plc	Harbour Energy
Lufthansa Aviation Training GmbH	Lufthansa
British American Tobacco	BAT
Collect.AI	Collect.AI
Kion Group AG	Kion
STRABAG Aircraft Services GmbH	Strabag
UniCredit Leasing Finance GmbH	UniCredit
Wintershall Dea	Wintershall Dea
BAWAG Group AG	Bawag
DNV	DNV
Turkish Airlines	Turkish Airlines
SPIE Energy Solutions GmbH	SPIE Energy
AECOM	Aecom
Alfa Laval Corporate AB	Alfa Laval
AERIUS Marine	Aerius
Reos GmbH	Reos
Raymond James Financial Inc.	Raymond James
Jump 450	Jump 450
PLATZ	PLATZ
Webster Financial Corporation	Webster
The Charles Schwab Corporation	Charles Schwab
Canon Inc.	Canon
Annalect India	Annalect India
Omnicom Media Group	Omnicom
LTIMindtree	LTIMindtree
Voya Financial Inc.	Voya
Ricoh Company Ltd.	Ricoh
Arthur J. Gallagher & Co.	Gallagher
Mitsui Chemicals America Inc.	Mitsui
United Airlines	United Airlines
Ecopromosonline	Ecopromosonline
Franklin Resources Inc.	Franklin
Avid Solutions	Avid
Daily Harvest	Daily Harvest
General Assembly	General Assembly
Citizens Financial Group Inc.	Citizens
TravelClick	TravelClick
Empower	Empower
PNC Financial Services Group Inc.	PNC
Intent HQ | AI Company Of The Year	Intent
Sparks & Honey	Sparks & Honey
Hearts & Science	Hearts & Science
Voya Investment Management	Voya
Hartford Financial Services Group Inc.	Hartford
Lincoln Financial Group	Lincoln
IptiQ By Swiss Re	IptiQ
Sumitomo Corporation Of Americas	Sumitomo
Analog Devices Inc.	Analog Devices
Amadeus IT Group SA	Amadeus
AdvisorEngine	AdvisorEngine
Neuberger Berman	Neuberger Berman
Royce Investment Partners	Royce
Initiative	Initiative
PayCargo	PayCargo
Hartree Partners	Hartree Partners
Oaktree Capital Management L.P.	Oaktree
The Campbell's Company	Campbell's
Jetblue	Jetblue
Givaudan	Givaudan
Evonik	Evonik
Asml	Asml
Pepsico	Pepsico
SGS	SGS
Microchip Technology	Microchip Technology
Interactive Brokers	Interactive Brokers
RPM	RPM
Foot Locker	Foot Locker
Stonex	Stonex
Burlington Stores	Burlington Stores
Mccormick & Company	McCormick
Lonza	Lonza
Constellation	Constellation
Crown Castle	Crown Castle
Adyen	Adyen
Custommade	Custommade
Stonhard	Stonhard
Prudential Financial	Prudential
Simon Property	Simon Property
Tremco CPG	Tremco
UCB	UCB
Sartorius	Sartorius
Rust-Oleum	Rust-Oleum
Kerry	Kerry
Conagra Brands	Conagra Brands
Ferguson	Ferguson
Onlife Health	Onlife Health
Sonova	Sonova
Wayfair	Wayfair
Elliott Investment Management L	Elliott
TDK	TDK
Ares Management	Ares Management
Prysmian	Prysmian
AIR France-Klm	AIR France
UGI	UGI
Hydro One	Hydro One
The Hershey Company	Hershey
Bath & Body Works	Bath & Body Works
Howmet Aerospace	Howmet
Amcor	Amcor
The Andersons	The Andersons
Berry Global	Berry Global
Sika	Sika
Costco Wholesale	Costco
Barry Callebaut	Barry Callebaut
Sandvik	Sandvik
EPL	EPL
Olam	Olam
Welltower	Welltower
3I	3I
Virgin America	Virgin America
SLB	SLB
Halperns'​ Steak & Seafood	Halperns'​ Steak & Seafood
Meijer	Meijer
Carmax	Carmax
Autozone	Autozone
Veronica Studio + Production	Veronica Studio + Production
Wood	Wood
Ferrovial	Ferrovial
Vici Properties	Vici Properties
Waste Connections	Waste Connections
American Airlines	American Airlines
Spirit Airlines	Spirit Airlines
Coloplast	Coloplast
First Horizon Bank	First Horizon
Banc of California	Banc of California
Unidine	Unidine
The Urban Assembly	The Urban Assembly
Farmingdale State College	Farmingdale State College
Engine	Engine
Velour Medical	Velour Medical
Leonard A	Leonard
RC Willey	RC Willey
Rinnovo Solutions	Rinnovo
See's Candies	See's Candies
Shopify	Shopify
SJSU Peer Connections	SJSU
The Home Depot	Home Depot
The TJX Companies, Inc.	TJX
The Visionry	The Visionry
Ulta Beauty	Ulta Beauty
Verizon	Verizon
VMware	Vmware
Walmart Global Tech	Walmart Tech
Williams-Sonoma, Inc.	Williams-Sonoma
AAR	AAR
Amcor plc	Amcor
AmeriGas	Amerigas
Bank Hapoalim	Bank Hapoalim
Bank Of China	Bank Of China
Bath & Body Works Inc.	Bath & Body Works
Bpi group	BPI
Burlington Stores Inc.	Burlington Stores
Campbell Soup Company	Campbell Soup
Carmax Inc.	Carmax
CB4	CB4
Constellation Energy Corporation	Constellation
COSCO SHIPPING	Cosco
Cox Automotive Inc.	Cox
Crown Castle Inc.	Crown Castle
Dollar General Corporation	Dollar General
EQT Corporation	EQT
Ferguson Plc	Ferguson
First Horizon Corporation	First Horizon
Glencore International	Glencore
Howmet Aerospace Inc.	Howmet Aerospace
ICBC	ICBC
Int.	INT
Interactive Brokers Group	Interactive Brokers
J.B. Hunt Transport Services Inc.	JB Hunt
JetBlue Airways Corporation	Jetblue
Kubota Corporation	Kubota
Molloy University	Molloy University
Prudential PLC	Prudential
Rustoleum Corporation	Rustoleum
Sartorius AG	Sartorius
Schlumberger	Schlumberger
SGS SA	SGS
SKDK	SKDK
Sonova Holding AG	Sonova
Spirit Airlines Inc.	Spirit Airlines
StoneX Group Inc.	Stonex
UCB S.A.	UCB
Wayfair Inc.	Wayfair
Allstate	Allstate
Ally Financial Inc.	Ally Financial
American International Group Inc.	AIG
Amkor Technology Inc.	Amkor
Apple Inc.	Apple
Ashley Furniture Industries	Ashley Furniture
Assurant Inc.	Assurant
AssuredPartners	AssuredPartners
Asurion	Asurion
AT&T Inc.	AT&T
Automatic Data Processing Inc.	ADP
BAE Systems	BAE
Battelle	Battelle
Beth Israel Lahey Health	Beth Israel Lahey
Biogen Inc.	Biogen
BlackRock Inc.	BlackRock
Blackstone Inc.	Blackstone
Bloomberg	Bloomberg
Blue Cross And Blue Shield Of Illinois Montana New Mexico Oklahoma & Texas	Blue Cross And Blue Shield
Bon Secours Mercy Health	Bon Secours Mercy
Brightspring Health Services Inc	Brightspring
Broadridge Financial Solutions Inc.	Broadridge
Brookfield	Brookfield
BRP Inc.	BRP
Camping World	Camping World
Capital One Financial Corporation	Capital One
CDW Corporation	CDW
Centene Corporation	Centene
CenterPoint Energy Inc.	CenterPoint
CHRISTUS Health	CHRISTUS
CIBC	CIBC
Cintas Corporation	Cintas
City Of Calgary	City Of Calgary
Comcast Corporation	Comcast
CommonSpirit Health	CommonSpirit
Covetrus Inc.	Covetrus
Dairy Farmers Of America	Dairy Farmers Of America
Edwards Lifesciences Corporation	Edwards Lifesciences
Endpoint	Endpoint
Fidelity Investments	Fidelity
Fifth Third Bankcorp	Fifth Third Bank
FirstService Residential	FirstService
Fisher Investments	Fisher
Freddie Mac	Freddie Mac
Goldman Sachs Group Inc.	Goldman Sachs
Government Of Alberta	Government Of Alberta
Hawaiian Electric	Hawaiian Electric
Hearst	Hearst
Hertz	Hertz
Honeywell International Inc.	Honeywell
HP Inc.	HP
IDEMIA	IDEMIA
IHeartMedia Inc.	IHeartMedia
Intact Financial	Intact Financial
Intercontinental Exchange Inc.	Intercontinental Exchange
Interpublic Group Of Companies Inc.	Interpublic Group Of Companies
J.P. Morgan	J.P. Morgan
Kaiser Permanente	Kaiser Permanente
Kinder Morgan Inc.	Kinder Morgan
King & Spalding	King & Spalding
KKR & Co. Inc.	KKR & Co
Las Vegas Sands Corp.	Las Vegas Sands
Levi Strauss & Co.	Levi Strauss
Liberty Mutual Insurance	Liberty Mutual Insurance
Machine IT Services	Machine IT
Manulife	Manulife
Marathon Petroleum Corporation	Marathon
Marriott International Inc.	Marriott
Mass General Brigham	Mass General
MassMutual	MassMutual
MilliporeSigma	MilliporeSigma
Motional	Motional
National Hockey League	NHL
NBCUniversal	NBCUniversal
Network-Ops	Network-Ops
Nike Inc.	Nike
Northwestern Mutual	Northwestern Mutual
Optum	Optum
Pactiv Evergreen Inc.	Pactiv Evergreen
Peraton	Peraton
Phillips 66	Phillips 67
ProMedica	ProMedica
Providence	Providence
Public Administration	Public Administration
PwC	PwC
Rogers Communications	Rogers Communications
Ross Stores Inc.	Ross Stores
Royal Bank Of Canada	Royal Bank Of Canada
RTX Corporation	RTX
SC Johnson	SC Johnson
Seattle Children's	Seattle Children's
Sherwin-Williams Company	Sherwin-Williams
Standard Industries	Standard Industries
State Farm Insurance	State Farm Insurance
Subway	Subway
Synopsys Inc.	Synopsys
Sysco Corporation	Sysco
Tata Consultancy Services	TCS
TEKsystems	TEKsystems
Teleperformance SE	Teleperformance
TIAA	TIAA
T-Mobile	T-Mobile
Travelers Companies Inc.	Travelers Companies
U.S. Department Of Veterans Affairs	U.S. Department Of Veterans Affairs
Universal Music Group	Universal Music
University Hospitals	University Hospitals
Vail Resorts Inc.	Vail Resorts
Valero Energy Corporation	Valero Energy
VERIZON EUROPEAN HOLDINGS LIMITED	Verizon
Vertex Pharmaceuticals	Vertex Pharmaceuticals
Vertiv	Vertiv
VyStar Credit Union	VyStar Credit Union
W.W. Grainger Inc.	W.W. Grainger
Walgreens	Walgreens
Workday Inc.	Workday
Zimmer Biomet Holdings Inc	Zimmer Biomet
Zurich North America	Zurich
